<?xml version="1.0"?>
<doc>
    <assembly>
        <name>OutSystems.NssExtractionFunction</name>
    </assembly>
    <members>
        <member name="M:OutSystems.NssExtractionFunction.IssExtractionFunction.MssExecuteExtractionFunc(System.Int32,System.String,System.Boolean@,System.Boolean@,System.String@)">
            <summary>
            抽出関数の実行
            </summary>
            <param name="ssInAcccountDefinitionId">取引先取込定義ID</param>
            <param name="ssInText">抽出関数を実施する対象の行データ</param>
            <param name="ssOutResult">判定結果</param>
            <param name="ssIsError">エラーフラグ</param>
            <param name="ssErrorMessage">エラーメッセージ</param>
        </member>
        <member name="M:OutSystems.NssExtractionFunction.CssExtractionFunction.MssExecuteExtractionFunc(System.Int32,System.String,System.Boolean@,System.Boolean@,System.String@)">
            <summary>
            抽出関数の実行
            </summary>
            <param name="ssInAcccountDefinitionId">取引先取込定義ID</param>
            <param name="ssInText">抽出関数を実施する対象の行データ</param>
            <param name="ssOutResult">判定結果</param>
            <param name="ssIsError">エラーフラグ</param>
            <param name="ssErrorMessage">エラーメッセージ</param>
        </member>
    </members>
</doc>
