<?xml version="1.0"?>
<doc>
    <assembly>
        <name>OutSystems.NssExtractionFunction</name>
    </assembly>
    <members>
        <member name="M:OutSystems.NssExtractionFunction.CssExtractionFunction.MssExecuteExtractionFunc(System.Int64,System.String,System.Boolean@,System.Boolean@,System.String@)">
            <summary>
            抽出関数
            </summary>
            <param name="ssInAccountDefinitionId"></param>
            <param name="ssInText"></param>
            <param name="ssOutResult"></param>
            <param name="ssIsError"></param>
            <param name="ssErrorMessage"></param>
        </member>
        <member name="M:OutSystems.NssExtractionFunction.IssExtractionFunction.MssExecuteExtractionFunc(System.Int64,System.String,System.Boolean@,System.Boolean@,System.String@)">
            <summary>
            抽出関数
            </summary>
            <param name="ssInAccountDefinitionId"></param>
            <param name="ssInText"></param>
            <param name="ssOutResult"></param>
            <param name="ssIsError"></param>
            <param name="ssErrorMessage"></param>
        </member>
    </members>
</doc>
